Ticker;Company Name;Beyond;News;Dnews;Date of annoucement ;recources;D1;D2;D3;D5;D10;D20;Beta;M1;M2;M3;M5;M10;M20
ACIW;ACI Worldwide;Y;G;EG;02/11/2023;Bloomberg;0,13784585;0,046026921;0,00041511;-0,005693371;-0,021412472;0,002955301;1,0914;0,01916434;0,00912341;0,00230049;0,000732383;0,002117086;0,003937441
AMR;Alpha Metallurgical Resources;N;B;B;02/11/2023;Bloomberg;-0,024127126;0,008256502;-0,007324508;0,074385355;-0,003201708;-0,003259334;0,876;0,01916434;0,00912341;0,00230049;0,000732383;0,002117086;0,003937441
ENV;Envestnet;Y;G;EG;08/11/2023;Bloomberg;-0,01124477;-0,086749537;0,00086881;0,057228018;-0,056990881;-0,039657283;0,9675;0,000732383;-0,007798742;0,015604831;0,019400713;-0,002179369;-0,004029785
VICR;Vicor Corporation;Y;G;EG;24/10/2023;Bloomberg;-0,000375869;-0,265839444;0,022791293;-0,01774273;-0,005616543;0,020382166;1,7647;0,007539362;-0,014352147;-0,011974614;0,011955781;0,00230049;0,007697598
OGN;Organon & Co.;Y;B;EB;02/11/2023;Bloomberg;-0,105119454;0,014492754;-0,055639098;-0,011281225;0,008726003;0,009734513;0,7326;0,01916434;0,00912341;0,00230049;0,000732383;0,002117086;0,003937441
KLG;WK Kellogg Co;N;B;B;09/11/2023;Bloomberg;-0,031775701;0,021235521;0,006616257;-0,001855288;-0,000843882;0,021182701;0,1604;-0,007798742;0,015604831;-0,000953224;0,002117086;0,003860833;0,007630398
KSS;Kohl's;Y;B;EB;23/08/2023;https://finance.yahoo.com/news/kohls-reports-third-quarter-fiscal-120000225.html;0,050524679;-0,050684425;-0,069368667;0,031031808;-0,050321604;0,017723881;1,4823;0,011137738;-0,013859107;0,007049829;0,014454784;-0,006722465;-0,009193377
HAYW;Hayward Holdings;N;B;B;31/10/2023;Bloomberg;-0,086956522;0,00952381;0,04245283;-0,041292639;-0,020947177;0,000839631;1,3934;0,006280228;0,010664754;0,01916434;0,00230049;-0,000953224;0,000990143
APLE;Apple Hospitality REIT;Y;G;EG;07/11/2023;Bloomberg;-0,005369928;-0,054589082;-0,010152284;0,003778338;0,003032141;0,002369668;0,9791;0,00284606;0,000732383;-0,007798742;-0,000953224;0,007697598;-0,00019707
LBRT;Liberty Energy;Y;G;EG;19/10/2023;Bloomberg;0,068947906;-0,009555662;-0,004823927;-0,017039922;0,01319797;-0,013071895;1,0341;-0,008786407;-0,012288066;-0,001733185;-0,014352147;0,010664754;0,002117086
BXMT;Blackstone Mortgage Trust;Y;G;EG;25/10/2023;Bloomberg;-0,02039801;0,008125952;-0,020151134;0,007067138;0,002343018;-0,021371327;0,9403;-0,014352147;-0,011974614;-0,004532784;0,006280228;0,00284606;-0,002179369
HASI;Hannon Armstrong;Y;G;EG;02/11/2023;Bloomberg;0,063950198;0,157446809;-0,064797794;-0,002970297;0,032;-0,000831255;1,3976;0,01916434;0,00912341;0,00230049;0,000732383;0,002117086;0,003937441
JBLU;JetBlue;Y;B;EB;31/10/2023;Bloomberg;-0,104761905;-0,018617021;0,062330623;-0,020501139;0,025839793;-0,018867925;1,4791;0,006280228;0,010664754;0,01916434;0,00230049;-0,000953224;0,000990143
TRIP;TripAdvisor;Y;G;EG;08/11/2023;Bloomberg;-0,023489933;-0,026918671;0,022366098;0,040303738;-0,007816571;-0,018774158;1,309;0,000732383;-0,007798742;0,015604831;0,019400713;-0,002179369;-0,004029785
HIW;Highwoods Properties;Y;G;EG;26/10/2023;Bloomberg;0,01995439;-0,005030743;0,006179775;0,007266629;-0,012137203;0,00166205;0,9391;-0,011974614;-0,004532784;0,011955781;0,010664754;0,000732383;0,003860833
XRX;Xerox;Y;B;EB;24/10/2023;Bloomberg;-0,068249258;-0,037022293;0,011988425;0,006562756;-0,020729092;-0,010893246;1,1485;0,007539362;-0,014352147;-0,011974614;0,011955781;0,00230049;0,007697598
ENR;Energizer;Y;B;EB;08/08/2023;Bloomberg;-0,091613617;0,068251066;-0,027381631;-0,00315729;-0,018481086;0;0,7144;-0,004348694;-0,006685237;0,000358946;0,005520027;0,0065063;-0,004321904
CATY;Cathay Bank;N;B;B;23/10/2023;https://finance.yahoo.com/news/cathay-general-bancorp-announces-third-203000530.html;-0,001498801;-0,009006304;-0,005755832;-0,005349183;0,037336305;0,013286334;0,9871;-0,001733185;0,007539362;-0,014352147;-0,004532784;0,00912341;0,001243809
SXT;Sensient Technologies;N;G;G;20/10/2023;https://finance.yahoo.com/news/sensient-technologies-corp-sxt-reports-134004254.html;0,024737498;-0,014414727;-0,014096916;0,014777437;0,02302338;0,003264773;0,8682;-0,012288066;-0,001733185;0,007539362;-0,011974614;0,01916434;0,001223092
PZZA;Papa John's;N;G;G;02/11/2023;https://finance.yahoo.com/news/papa-johns-announces-third-quarter-110000700.html;-0,035391451;0,080050826;0,002205882;-0,014934201;0,035580243;-0,008474576;0,9502;0,01916434;0,00912341;0,00230049;0,000732383;0,002117086;0,003937441
OMCL;Omnicell;N;B;B;02/11/2023;https://finance.yahoo.com/news/omnicell-inc-omcl-reports-q3-141246354.html;-0,182555214;0,041039672;-0,030551905;0,00422215;0,010889292;0,003178272;1,1392;0,01916434;0,00912341;0,00230049;0,000732383;0,002117086;0,003937441
NWL;Newell Brands;Y;B;EB;28/08/2023;https://finance.yahoo.com/news/newell-brands-inc-nwl-q3-135449018.html;0,016585366;0,001919386;0,014367816;0,012287335;-0,021653543;-0,011025358;0,9851;0,006341341;0,014454784;0,0041188;0,001865216;0,006576585;0,004205195
LNC;Lincoln National;Y;B;EB;01/11/2023;https://finance.yahoo.com/news/lincoln-national-corp-lnc-reports-213255184.html;-0,015158475;0,078358209;0,062283737;-0,032759345;0,062185642;-0,004154549;1,5415;0,010664754;0,01916434;0,00912341;0,00284606;0,019400713;-0,000703405
JXN;Jackson Financial;N;B;B;08/11/2023;https://finance.yahoo.com/news/jackson-announces-third-quarter-2023-211500001.html;-0,020130851;0,121982537;0,005264363;0,041194168;-0,00761035;-0,014583333;1,5049;0,000732383;-0,007798742;0,015604831;0,019400713;-0,002179369;-0,004029785
GSHD;Goosehead Insurance;Y;G;EG;25/10/2023;https://finance.yahoo.com/news/goosehead-insurance-inc-gshd-reports-215427131.html;-0,041702128;-0,016577857;-0,014148104;-0,002153515;0,006464306;-0,024876982;1,9189;-0,014352147;-0,011974614;-0,004532784;0,006280228;0,00284606;-0,002179369
AAP;Advance Auto Parts;Y;G;EG;23/08/2023;https://finance.yahoo.com/news/advance-auto-parts-reports-second-103000616.html;0,031185031;-0,02203341;-0,056398174;0,019960384;-0,001330377;0,025790922;0,8972;0,011137738;-0,013859107;0,007049829;0,014454784;-0,006722465;-0,009193377
STAA;Staar Surgical;N;G;G;02/11/2023;https://finance.yahoo.com/news/q3-2023-staar-surgical-co-132311601.html#:~:text=Total%20net%20sales%20for%20Q3,decrease%20in%20other%20product%20sales.;-0,168744229;0,049986115;-0,087542978;-0,034591195;0,000277469;-0,011260557;1,7713;0,01916434;0,00912341;0,00230049;0,000732383;0,002117086;0,003937441
MRCY;Mercury Systems;Y;G;EG;02/05/2023;https://finance.yahoo.com/news/mercury-systems-reports-third-quarter-200100209.html;-0,028534649;-0,173144876;0,045940171;-0,015695067;0,019688867;0;0,7819;-0,0112392;-0,006863986;-0,007082986;0,000266583;0,003450035;0,000380934
MSGS;Madison Square Garden Sports;Y;G;EG;04/05/2023;https://finance.yahoo.com/news/madison-square-garden-sports-corp-113000502.html;0,032432165;-0,010455134;-0,01017787;-0,029136421;-0,009507117;0,005063723;0,5419;-0,007082986;0,018512576;0,000266583;0,004672329;0,01213894;0,009501017
FTRE;Fortrea Holdings;Y;G;EG;13/11/2023;https://finance.yahoo.com/news/fortrea-reports-third-quarter-2023-113000256.html#:~:text=Third%20Quarter%202023%20Financial%20Results&text=Revenue%20for%20Clinical%20Services%20was,earnings%20per%20share%20of%20%240.68.;0,096065225;0,050452781;0,006157635;-0,016954377;0,01826484;-0,013196009;0,6083;-0,000953224;0,019400713;0,002117086;0,001243809;-0,00180101;
PHIN;PHINIA;N;G;G;06/11/2023;https://finance.yahoo.com/news/phinia-inc-reports-q3-2023-131440459.html;-0,018317757;-0,011424219;-0,053929122;0,015873016;0,008573655;0,048627451;0,5497;0,00230049;0,00284606;0,000732383;0,015604831;0,001243809;-0,005249401
ABR;Arbor Realty Trust;Y;G;EG;27/10/2023;https://finance.yahoo.com/news/arbor-realty-trust-reports-third-121500274.html;-0,016393443;-0,011904762;0,012851406;0,074193548;-0,018320611;0;1,0044;-0,004532784;0,011955781;0,006280228;0,01916434;-0,007798742;0,000615358
DISH;Dish Network;N;B;B;06/11/2023;https://finance.yahoo.com/news/dish-network-reports-third-quarter-110500178.html;-0,37431694;0,023289665;0,038406828;0;0,075301205;0,071038251;1,6505;0,00230049;0,00284606;0,000732383;0,015604831;0,001243809;-0,005249401
NAVI;Navient;Y;B;EB;25/10/2023;https://finance.yahoo.com/news/navient-corporation-nasdaq-navi-q3-131549540.html;-0,056691993;-0,006505576;-0,01777362;0,000628931;-0,000584795;-0,021867612;1,1322;-0,014352147;-0,011974614;-0,004532784;0,006280228;0,00284606;-0,002179369
SITM;SiTime;Y;G;EG;01/11/2023;https://finance.yahoo.com/news/sitime-reports-third-quarter-2023-200500982.html;-0,030561122;0,119586563;0,034988922;-0,024947068;0,079461531;-0,023043897;2,5005;0,010664754;0,01916434;0,00912341;0,00284606;0,019400713;-0,000703405
MAC;Macerich;Y;B;EB;31/10/2023;https://finance.yahoo.com/news/macerich-co-mac-reports-q3-121627887.html;-0,004098361;0,009259259;0,064220183;-0,057932264;-0,023233301;0,004549591;1,4501;0,006280228;0,010664754;0,01916434;0,00230049;-0,000953224;0,000990143
VSCO;Victoria's Secret;Y;B;EB;30/08/2023;https://finance.yahoo.com/news/victoria-secret-co-reports-second-201500243.html#:~:text=The%20Company%20reported%20net%20sales,the%20second%20quarter%20of%202022.;0,003355705;0,069119287;0,032846715;-0,064613831;-0,009248555;-0,019186047;1,5339;0,0041188;-0,001463382;0,001865216;-0,006722465;0,001165945;0,000399173
DEI;Douglas Emmett;Y;G;EG;31/10/2023;https://finance.yahoo.com/news/douglas-emmett-inc-dei-reports-214414191.html;-0,004440497;0,022301517;0,069808028;-0,02094647;-0,040707965;0;1,0776;0,006280228;0,010664754;0,01916434;0,00230049;-0,000953224;0,000990143
FULT;Fulton Financial Corporation;N;B;B;17/10/2023;https://finance.yahoo.com/news/fulton-financial-corporation-announces-third-203000759.html;0,019433198;-0,015885624;-0,000807103;0,017398509;0,027353178;0,00446761;0,8384;-4,58674E-05;-0,013325077;-0,008786407;-0,001733185;0,011955781;-0,000953224
NGVT;Ingevity Corp.;Y;B;EB;01/11/2023;https://finance.yahoo.com/news/ingevity-reports-third-quarter-2023-201500448.html;-0,025571003;0,077452229;0,012296051;-0,01797304;0,066276284;0,002329795;1,0307;0,010664754;0,01916434;0,00912341;0,00284606;0,019400713;-0,000703405
SPWR;SunPower;N;B;B;01/11/2023;https://finance.yahoo.com/news/sunpower-reports-preliminary-third-quarter-114500867.html;-0,056206089;0,109181141;0,022371365;-0,004662005;0,152230971;0,009950249;1,768;0,010664754;0,01916434;0,00912341;0,00284606;0,019400713;-0,000703405
WLY;John Wiley & Sons;Y;B;EB;09/03/2023;https://finance.yahoo.com/news/wiley-reports-third-quarter-fiscal-130000661.html;-0,173523328;0,003337041;-0,013026608;0,021174478;-0,025380711;0,001584368;0,837;-0,018449814;-0,014429462;-0,001425203;-0,006254308;-0,017046452;-0,002618249
DAN;Dana Incorporated;Y;G;EG;27/10/2023;https://finance.yahoo.com/news/dana-inc-dan-reports-q3-135517371.html;-0,007081039;-0,073692552;-0,017964072;0,021295475;-0,028356964;0;1,6113;-0,004532784;0,011955781;0,006280228;0,01916434;-0,007798742;0,000615358
SDGR;Schrödinger, Inc.;Y;G;EG;01/11/2023;https://finance.yahoo.com/news/schrodinger-inc-sdgr-reports-q3-225856032.html;0,005299539;0,146917259;0,132693845;0,022776573;0,088944905;0,002887392;1,6711;0,010664754;0,01916434;0,00912341;0,00284606;0,019400713;-0,000703405
PECO;Phillips Edison & Company;N;G;G;31/10/2023;https://finance.yahoo.com/news/phillips-edison-company-reports-third-203600841.html;0,03245614;-0,022656471;0,01072153;-0,025933314;-0,006253722;-0,002265647;0,7409;0,006280228;0,010664754;0,01916434;0,00230049;-0,000953224;0,000990143
MC;Moelis & Company;Y;G;EG;02/11/2023;https://finance.yahoo.com/news/moelis-company-reports-third-quarter-201500601.html;-0,182555214;0,041039672;-0,030551905;0,00422215;0,010889292;0,003178272;1,1392;0,01916434;0,00912341;0,00230049;0,000732383;0,002117086;0,003937441
CARG;CarGurus;N;B;B;07/11/2023;https://finance.yahoo.com/news/cargurus-announces-third-quarter-2023-210100079.html;-0,007567568;0,043572985;-0,021920668;-0,001047669;0,015996122;0,007380074;1,6764;0,00284606;0,000732383;-0,007798742;-0,000953224;0,007697598;-0,00019707
CRC;California Resources Corporation;Y;B;EB;01/11/2023;https://finance.yahoo.com/news/california-resources-corp-crc-reports-230446492.html;-0,005704507;0,004016064;-0,011948529;-0,014192785;0,032949583;0,000388425;0,8948;0,010664754;0,01916434;0,00912341;0,00284606;0,019400713;-0,000703405
APAM;Artisan Partners Asset Management;Y;G;EG;01/11/2023;https://finance.yahoo.com/news/artisan-partners-asset-management-inc-134035086.html;0,023030303;0,061907583;0,011994421;-0,019799219;0,044841816;-0,006715015;1,2108;0,010664754;0,01916434;0,00912341;0,00284606;0,019400713;-0,000703405
EXPI;eXp World Holdings;Y;B;EB;02/11/2023;https://finance.yahoo.com/news/exp-world-holdings-reports-q3-203000735.html;0,052193646;0,017253774;-0,052814454;0,005181347;0,051886792;0,003952569;2,0308;0,01916434;0,00912341;0,00230049;0,000732383;0,002117086;0,003937441
PRVA;Privia Health Group;Y;G;EG;03/11/2023;https://finance.yahoo.com/news/privia-health-reports-third-quarter-103000306.html;0,143412737;-0,040391156;0,021267169;-0,024966563;-0,032980973;-0,023167849;1,2294;0,00912341;0,00230049;0,00284606;-0,007798742;0,001223092;0,005915863
BOH;Bank of Hawaii;N;B;B;23/10/2023;https://finance.yahoo.com/news/bank-hawaii-corp-boh-q3-184146443.html;0,045743051;0,007325241;-0,020361521;-0,005326777;0,049285177;0,011574074;0,9078;-0,001733185;0,007539362;-0,014352147;-0,004532784;0,00912341;0,001243809
PACW;PacWest Bancorp;Y;B;EB;24/10/2023;https://finance.yahoo.com/news/pacwest-bancorp-pacw-q3-2023-134504460.html#:~:text=Performance%20and%20Challenges-,PacWest%20Bancorp%20(NASDAQ%3APACW)%20reported%20a%20net%20loss%20of,%241.75%20in%20the%20previous%20quarter.;-0,052054795;-0,023843931;0,049592894;0,014792899;-0,037621359;0,00968523;1,9997;0,007539362;-0,014352147;-0,011974614;0,011955781;0,00230049;0,007697598
CERT;Certara;N;G;G;08/11/2023;https://finance.yahoo.com/news/certara-reports-third-quarter-2023-211000647.html;-0,007949126;0,013621795;0,067193676;0,112903226;-0,01971448;0,007472826;1,356;0,000732383;-0,007798742;0,015604831;0,019400713;-0,002179369;-0,004029785
CVI;CVR Energy;N;B;B;30/10/2023;https://finance.yahoo.com/news/cvr-energy-reports-third-quarter-204700120.html;0,013870968;0,041998091;0,023816794;-0,026543394;-0,030128205;0,000626566;0,8296;0,011955781;0,006280228;0,010664754;0,00912341;0,015604831;-0,00180101
LUMN;Lumen Technologies;N;B;B;01/11/2023;https://finance.yahoo.com/news/lumen-technologies-reports-third-quarter-203000496.html;-0,32869863;0,081522294;0,056603774;-0,015151515;0,130434783;-0,040650407;1,1137;0,010664754;0,01916434;0,00912341;0,00284606;0,019400713;-0,000703405
TNDM;Tandem Diabetes Care;Y;B;EB;01/11/2023;https://finance.yahoo.com/news/tandem-diabetes-care-inc-tndm-224122371.html;0,026011561;-0,143661972;0,036184211;0,062050947;0,189586115;-0,018489985;1,4397;0,010664754;0,01916434;0,00912341;0,00284606;0,019400713;-0,000703405
HBI;Hanesbrands;Y;B;EB;09/11/2023;https://finance.yahoo.com/news/hanesbrands-announces-third-quarter-2023-120000011.html#:~:text=Operating%20Profit%20and%20Operating%20Margin,million%20in%20third%2Dquarter%202022.;-0,052132701;0,005;-0,064676617;0,050480769;-0,033248082;-0,013262599;1,1993;-0,007798742;0,015604831;-0,000953224;0,002117086;0,003860833;0,007630398
PEB;Pebblebrook Hotel Trust;Y;G;EG;26/10/2023;https://finance.yahoo.com/news/pebblebrook-hotel-trust-peb-reports-223111895.html#:~:text=Pebblebrook%20Hotel%20Trust%20(NYSE%3APEB,by%200.2%25%20compared%20to%202022.;0,00620155;-0,100924499;0,011996572;-0,024308466;-0,036407767;-0,008885299;1,3136;-0,011974614;-0,004532784;0,011955781;0,010664754;0,000732383;0,003860833
KMT;Kennametal;Y;G;EG;01/05/2023;https://finance.yahoo.com/news/kennametal-announces-fiscal-2023-third-200500494.html;0,010400616;0,042317957;-0,016093636;0,022399393;0,007453903;-0,016203704;1,2233;-0,001009785;-0,0112392;-0,006863986;0,018512576;-0,001310266;0,012950681
DY;Dycom Industries;N;G;G;23/08/2023;https://finance.yahoo.com/news/dycom-industries-dy-q2-earnings-111503404.html;0,039433462;-0,029114793;-0,003130048;0,017819176;-0,030462393;0,003948872;1,0388;0,011137738;-0,013859107;0,007049829;0,014454784;-0,006722465;-0,009193377
WAFD;Washington Federal;N;G;G;14/07/2023;https://finance.yahoo.com/news/washington-federal-wafd-reports-q3-230003682.html;-0,035662824;0,057527083;0,022606853;-0,018074269;-0,019291588;-0,008612123;0,8222;-0,000622831;0,003472222;0,007430574;-0,006634446;-0,006629931;0,000358946
VSAT;Viasat;N;G;G;07/02/2023;https://finance.yahoo.com/news/viasat-releases-third-quarter-fiscal-210500852.html;-0,022522523;-0,140552995;0,01575067;0,018831169;0;0,100582643;1,2542;0,013078594;-0,010934753;-0,008669183;0,011739045;-0,020060895;-0,015328702
CBRL;Cracker Barrel;N;G;G;06/06/2023;https://finance.yahoo.com/news/cracker-barrel-reports-third-quarter-120000195.html;-0,045529291;0,022935286;0,002;0,02291918;0;-0,000214638;1,0224;0,002177476;-0,003457702;0,006048529;0,009071877;-0,005188186;-0,00148719
SLG;SL Green Realty;Y;B;EB;19/10/2023;https://finance.yahoo.com/news/sl-green-realty-corp-slg-191705924.html;-0,101047269;0,013853904;-0,038509317;-0,070703868;0,001365654;0,013801035;1,2232;-0,008786407;-0,012288066;-0,001733185;-0,014352147;0,010664754;0,002117086
RDN;Radian Group;Y;G;EG;02/11/2023;https://finance.yahoo.com/news/radian-group-inc-rdn-reports-132637848.html;0,03797964;0,023387401;-0,004423148;-0,004892736;-0,009349289;0,008775429;0,7741;0,01916434;0,00912341;0,00230049;0,000732383;0,002117086;0,003937441
AUB;Atlantic Union Bank;Y;G;EG;19/10/2023;https://finance.yahoo.com/news/atlantic-union-bankshares-reports-third-104500599.html;0,023079573;-0,063636364;-0,002876663;0,010564663;0,001388407;0,0049922;0,9135;-0,008786407;-0,012288066;-0,001733185;-0,014352147;0,010664754;0,002117086
VRRM;Verra Mobility;Y;G;EG;09/11/2023;https://finance.yahoo.com/news/verra-mobility-announces-third-quarter-210500759.html;-0,002525253;0,048607595;-0,00965717;-0,007389163;0,00712831;0,002890173;0,8704;-0,007798742;0,015604831;-0,000953224;0,002117086;0,003860833;0,007630398
OTTR;Otter Tail Corporation;N;B;B;31/10/2023;https://finance.yahoo.com/news/q3-2023-otter-tail-corp-083328450.html;0,102924312;0,033532623;0,021629779;-0,015804078;-0,007212777;-0,016046967;0,585;0,006280228;0,010664754;0,01916434;0,00230049;-0,000953224;0,000990143
CRK;Comstock Resources;Y;B;EB;30/10/2023;https://finance.yahoo.com/news/comstock-resources-inc-crk-q3-220144224.html#:~:text=Comstock%20Resources%20Inc%20(NYSE%3ACRK,%2411.7%20million%20for%20the%20quarter.;-0,016326531;0,045643154;0,004761905;0,011398176;-0,02690583;-0,001892148;1,2495;0,011955781;0,006280228;0,010664754;0,00912341;0,015604831;-0,00180101
NOG;Northern Oil and Gas;N;B;B;08/11/2023;https://finance.yahoo.com/news/northern-oil-nog-q3-earnings-140900492.html;-0,021679473;-0,005329593;0,024816695;0,012679162;0,002938819;-0,028311966;1,1212;0,000732383;-0,007798742;0,015604831;0,019400713;-0,002179369;-0,004029785
DV;DoubleVerify;Y;G;EG;09/11/2023;https://finance.yahoo.com/news/doubleverify-reports-third-quarter-2023-210500543.html#:~:text=Third%20Quarter%202023%20Financial%20Highlights%3A&text=Total%20revenue%20of%20%24144.0%20million,%25%20and%2029%25%2C%20respectively.;-0,014960898;0,056265102;0,011437908;0,002866242;0,034370947;-0,001198322;1,473;-0,007798742;0,015604831;-0,000953224;0,002117086;0,003860833;0,007630398
RXO;RXO;N;B;B;07/11/2023;https://finance.yahoo.com/news/q3-2023-rxo-inc-earnings-035227735.html#:~:text=In%20the%20third%20quarter%2C%20we%20generated%20%241%20billion%20in%20revenue,stage%20of%20the%20trade%20cycle.;-0,002733734;-0,048245614;0,008064516;0,013311148;-0,006509765;0,027077498;1,094;0,00284606;0,000732383;-0,007798742;-0,000953224;0,007697598;-0,00019707
MBC;MasterBrand;Y;B;EB;07/11/2023;https://finance.yahoo.com/news/q3-2023-masterbrand-inc-earnings-113254845.html#:~:text=We%20delivered%20net%20income%20of,offset%20by%20higher%20interest%20expense.;-0,006855184;0,010353753;0,006831768;-0,020308692;-0,00152439;0,015636105;1,0907;0,00284606;0,000732383;-0,007798742;-0,000953224;0,007697598;-0,00019707
SMTC;Semtech;Y;G;EG;13/09/2023;https://finance.yahoo.com/news/semtech-announces-second-quarter-fiscal-201500319.html;0,006602113;0,101005684;-0,007942812;0,03211198;-0,021186441;0,063153112;1,4582;0,001165945;0,008622427;-0,015520917;-0,0020738;-0,014691252;0,005204839
CWK;Cushman & Wakefield;Y;B;EB;30/10/2023;https://finance.yahoo.com/news/cushman-wakefield-plc-cwk-reports-220247720.html;0,01497006;0,087020649;0,017639077;0,081151832;0,003989362;0,01183432;1,3418;0,011955781;0,006280228;0,010664754;0,00912341;0,015604831;-0,00180101
SJW;SJW Group;Y;G;EG;31/10/2023;https://finance.yahoo.com/news/q3-2023-sjw-group-earnings-123224286.html;0,021248774;0,003521127;0,015311005;-0,004769231;-0,002267206;-0,001381004;0,4301;0,006280228;0,010664754;0,01916434;0,00230049;-0,000953224;0,000990143
AGTI;Agiliti;Y;G;EG;08/11/2023;https://finance.yahoo.com/news/q3-2023-agiliti-inc-earnings-125123114.html#:~:text=I'll%20start%20with%20an,compared%20to%20Q3%20last%20year.;0,129296236;-0,105797101;0,037277147;0,144736842;-0,001264223;-0,087990488;1,09;0,000732383;-0,007798742;0,015604831;0,019400713;-0,002179369;-0,004029785
SABR;Sabre Corporation;Y;G;EG;02/11/2023;https://finance.yahoo.com/news/sabre-corp-sabr-reports-q3-133720378.html;0,182857143;-0,002415459;-0,13559322;0,028400598;0,02173913;-0,002739726;1,9371;0,01916434;0,00912341;0,00230049;0,000732383;0,002117086;0,003937441
NUS;Nu Skin Enterprises;Y;B;EB;01/11/2023;https://finance.yahoo.com/news/nu-skin-enterprises-inc-nus-222504750.html;-0,019483939;-0,094522019;0,067022539;-0,007492795;0,084507042;-0,0029994;0,9369;0,010664754;0,01916434;0,00912341;0,00284606;0,019400713;-0,000703405
BFH;Bread Financial;Y;G;EG;30/10/2023;https://finance.yahoo.com/news/bread-financial-holdings-inc-nyse-183353196.html#:~:text=Revenue%20for%20the%20quarter%20was,from%20continuing%20operations%20was%20%243.46.;0,013821442;-0,004053058;-0,011838698;0,013171577;0,00877193;0,003317361;1,5552;0,011955781;0,006280228;0,010664754;0,00912341;0,015604831;-0,00180101
HAIN;Hain Celestial Group;Y;B;EB;09/05/2023;https://finance.yahoo.com/news/hain-celestial-reports-fiscal-third-110000895.html;-0,124361158;-0,022049287;-0,033819629;-0,002123142;0,021771772;-0,017326733;0,9584;-0,004385327;0,004672329;-0,001743975;0,003450035;0,000406096;0,002177476
MCW;Mister Car Wash;Y;G;EG;03/11/2023;https://finance.yahoo.com/news/q3-2023-mister-car-wash-153555373.html#:~:text=For%20the%20quarter%2C%20sales%20grew,the%20quarter%20with%20462%20locations.;0,178236398;-0,042993631;0,048252912;0,022187005;-0,012413793;-0,01754386;1,2036;0,00912341;0,00230049;0,00284606;-0,007798742;0,001223092;0,005915863
XPER;Xperi, Inc.;Y;G;EG;13/11/2023;https://finance.yahoo.com/news/xperi-inc-announces-third-quarter-210500828.html;-0,012658228;0,088578089;0,074946467;0,023166023;0,037950664;0;0,8584;-0,000953224;0,019400713;0,002117086;0,001243809;-0,00180101;
STEL;Stellar Bancorp;Y;G;EG;27/10/2023;https://finance.yahoo.com/news/stellar-bancorp-stel-beats-q3-121511307.html;-0,033783784;0,012121212;0,001381852;0,050022946;-0,024575514;0;0,6106;-0,004532784;0,011955781;0,006280228;0,01916434;-0,007798742;0,000615358
LESL;Leslie's;Y;B;EB;13/11/2023;https://finance.yahoo.com/news/leslie-inc-announces-third-quarter-200500560.html;0,004319654;0,131182796;0,053231939;0,066914498;0,043554007;0,003683241;1,2955;-0,000953224;0,019400713;0,002117086;0,001243809;-0,00180101;
HPP;Hudson Pacific Properties;Y;B;EB;01/11/2023;https://finance.yahoo.com/news/hudson-pacific-properties-inc-hpp-225924175.html;0,006726457;0,077951002;0,128099174;-0,035781544;0,14084507;0,082862524;1,2512;0,010664754;0,01916434;0,00912341;0,00284606;0,019400713;-0,000703405
MCY;Mercury General;N;G;G;31/10/2023;https://finance.yahoo.com/news/mercury-general-q3-earnings-snapshot-201338773.html;0,017798286;0,215997409;-0,014380826;0,00960483;-0,009706045;0,008679143;0,4687;0,006280228;0,010664754;0,01916434;0,00230049;-0,000953224;0,000990143
AEO;American Eagle Outfitters;Y;G;EG;07/09/2023;https://finance.yahoo.com/news/american-eagle-aeo-beats-q2-154700545.html;-0,025;-0,046511628;-0,008130081;-0,047314578;0,008287293;0,003658537;1,353;-0,003070234;0,001506126;0,006576585;0,001165945;-0,009193377;0,007281956
MTX;Minerals Technology;N;G;G;27/10/2023;https://finance.yahoo.com/news/minerals-technologies-inc-mtx-reports-224323125.html#:~:text=Minerals%20Technologies%20Inc%20(NYSE%3AMTX,percent%20from%20the%20prior%20year.;0,038973756;0,022431668;-0,003328402;0,028406007;0,627199727;0;0,9753;-0,004532784;0,011955781;0,006280228;0,01916434;-0,007798742;0,000615358
OUT;Outfront Media;N;G;G;02/11/2023;https://finance.yahoo.com/news/outfront-media-inc-reports-q3-221203101.html#:~:text=Outfront%20Media%20Inc%20(NYSE%3AOUT,the%20quarter%20was%20%24116.9%20million.;0,098979592;0,114206128;-0,013100437;-0,003361345;0,417077176;0,002388535;1,3804;0,01916434;0,00912341;0,00230049;0,000732383;0,002117086;0,003937441
CPRX;Catalyst Pharmaceuticals;Y;G;EG;08/11/2023;https://finance.yahoo.com/news/catalyst-pharmaceuticals-reports-strong-third-211100270.html;-0,024124514;-0,01754386;0,041471049;0,059382423;-2,781911014;-0,053784861;1,0602;0,000732383;-0,007798742;0,015604831;0,019400713;-0,002179369;-0,004029785
CLFD;Clearfield;Y;G;EG;03/08/2023;https://finance.yahoo.com/news/clearfield-reports-fiscal-third-quarter-200500232.html;-0,025485961;-0,10483156;-0,019125683;-0,012823674;0,415918164;0,031323185;1,637;-0,002865839;-0,00452277;0,008728542;-0,006685237;-0,007338165;0,0041188
AHCO;AdaptHealth;Y;G;EG;07/11/2023;https://finance.yahoo.com/news/q3-2023-adapthealth-corp-earnings-044157447.html#:~:text=We%20achieved%20record%20revenue%20of,cash%20flow%20exceeded%20our%20expectations.;-0,089940828;-0,154746424;0,038847118;0,101744186;-0,245017585;0,041902605;1,1128;0,00284606;0,000732383;-0,007798742;-0,000953224;0,007697598;-0,00019707
SIX;Six Flags;N;G;G;02/11/2023;https://finance.yahoo.com/news/six-flags-q3-earnings-snapshot-101735015.html#:~:text=ARLINGTON%2C%20Texas%20(AP)%20%E2%80%94,had%20net%20income%20of%20%241.32.;0,064761905;0,072898032;-0,033532384;0,007669365;-0,636179684;-0,017366721;1,5461;0,01916434;0,00912341;0,00230049;0,000732383;0,002117086;0,003937441
SHO;Sunstone Hotel Investors;Y;G;EG;07/11/2023;https://finance.yahoo.com/news/sunstone-hotel-investors-inc-sho-132948733.html#:~:text=Net%20income%20for%20Q3%202023,with%20a%200.0%25%20change%20YoY.;0;-0,01459854;0,002141328;-0,007253886;1,001007049;0,011952191;1,1664;0,00284606;0,000732383;-0,007798742;-0,000953224;0,007697598;-0,00019707
GRBK;Green Brick Partners;Y;G;EG;31/10/2023;https://finance.yahoo.com/news/green-brick-partners-inc-grbk-213808976.html#:~:text=Green%20Brick%20Partners%20Inc%20(NYSE%3AGRBK)%20reported%20total%20revenues,1.9%25%20decrease%20from%20Q3%202022.;0,011500261;0,071834625;0,029390508;-0,033860548;1,001119821;-0,007738967;1,4947;0,006280228;0,010664754;0,01916434;0,00230049;-0,000953224;0,000990143
FTDR;Frontdoor, Inc.;Y;G;EG;01/11/2023;https://finance.yahoo.com/news/q3-2023-frontdoor-inc-earnings-033258140.html#:~:text=Third%20quarter%20revenue%20increased%208,a%20quarter%20of%20%24128%20million.;0,151399931;-0,014710297;0,030112508;0,0142572;1,025100981;-0,010662824;0,8512;0,010664754;0,01916434;0,00912341;0,00284606;0,019400713;-0,000703405
ACIW;ACI Worldwide;NA;NA;NA;13/09/2023;;0,00990099;0,019181586;-0,015474697;0,002978723;-0,032580365;0,001896633;1,0935;0,001165945;0,008622427;-0,015520917;-0,0020738;-0,014691252;0,005204839
AMR;Alpha Metallurgical Resources;NA;NA;NA;13/09/2023;;0,03738657;0,069935269;0,007358051;-0,015570513;0,004340704;0,010458247;0,888;0,001165945;0,008622427;-0,015520917;-0,0020738;-0,014691252;0,005204839
ENV;Envestnet;NA;NA;NA;19/09/2023;;-0,016779864;-0,001219017;-0,031733116;-0,015236903;-0,035884624;0,016017213;0,9331;-0,0020738;-0,009193377;-0,01652836;0,004205195;-0,000397679;0,010521437
OGN;Organon & Co.;NA;NA;NA;13/09/2023;;-0,008744856;0,026984951;-0,012632643;-0,023124358;-0,035234899;0,019457547;0,738;0,001165945;0,008622427;-0,015520917;-0,0020738;-0,014691252;0,005204839
HAYW;Hayward Holdings;NA;NA;NA;11/09/2023;;-0,012884753;-0,013052937;0,001469508;-0,006378455;0,012592593;-0,027987897;1,394;0,006576585;-0,005485561;0,001165945;-0,015520917;-0,002248545;0,011872792
APLE;Apple Hospitality REIT;NA;NA;NA;18/09/2023;;-0,007411983;-0,005600498;-0,01126408;-0,01531589;-0,009683667;-0,000638978;0,9551;0,000586418;-0,0020738;-0,009193377;-0,002248545;-0,002426958;-0,004980861
LBRT;Liberty Energy;NA;NA;NA;30/08/2023;;-0,018023617;0,009493671;0,035109718;0,076317383;0,019740553;-0,014991671;1,0675;0,0041188;-0,001463382;0,001865216;-0,006722465;0,001165945;0,000399173
BXMT;Blackstone Mortgage Trust;NA;NA;NA;05/09/2023;;0,029783394;0,001752848;0,014873141;0,012987013;-0,009389671;-0,024827586;0,9306;-0,004321904;-0,006722465;-0,003070234;0,006576585;0,000586418;-0,000397679
HASI;Hannon Armstrong;NA;NA;NA;13/09/2023;;-0,001233553;0,010292301;0,015484923;-0,02247191;-0,048998722;0,098318241;1,3629;0,001165945;0,008622427;-0,015520917;-0,0020738;-0,014691252;0,005204839
JBLU;JetBlue;NA;NA;NA;11/09/2023;;-0,003861004;-0,007751938;-0,0390625;-0,031189084;-0,002207506;0,002132196;1,4692;0,006576585;-0,005485561;0,001165945;-0,015520917;-0,002248545;0,011872792
TRIP;TripAdvisor;NA;NA;NA;19/09/2023;;0,008049536;-0,007985258;-0,016718266;-0,010578718;-0,00482509;0,034942821;1,3028;-0,0020738;-0,009193377;-0,01652836;0,004205195;-0,000397679;0,010521437
HIW;Highwoods Properties;NA;NA;NA;06/09/2023;;-0,000834028;-0,010851419;0,002953586;-0,008175559;0,00708278;-0,041937094;0,9019;-0,006722465;-0,003070234;0,001506126;-0,005485561;-0,0020738;-0,013386066
CATY;Cathay Bank;NA;NA;NA;01/09/2023;;0,029469548;0;0,02917121;0;0,022450111;-0,004082823;0,9837;0,001865216;-0,004321904;-0,006722465;0,001506126;-0,015520917;-0,002426958
SXT;Sensient Technologies;NA;NA;NA;31/08/2023;;-0,00097292;0,006492453;0;0,00262995;-0,003535272;0,010542425;0,8776;-0,001463382;0,001865216;-0,004321904;-0,003070234;0,008622427;0,005797442
PZZA;Papa John's;NA;NA;NA;13/09/2023;;0,009904861;0,007871983;-0,01574904;-0,016926739;-0,025977775;0,039822307;0,9373;0,001165945;0,008622427;-0,015520917;-0,0020738;-0,014691252;0,005204839
OMCL;Omnicell;NA;NA;NA;13/09/2023;;0,009734182;0,005376344;0,024340771;0,018755803;-0,060206186;0,045890411;1,128;0,001165945;0,008622427;-0,015520917;-0,0020738;-0,014691252;0,005204839
NWL;Newell Brands;NA;NA;NA;07/07/2023;;0,023068051;0,002254791;0,11023622;0,011247444;-0,010934394;-0,01459854;1,0019;-0,002524678;0,002531068;0,006368558;0,007936864;-0,006634446;-0,002865839
LNC;Lincoln National;NA;NA;NA;12/09/2023;;0,018292683;-0,015568862;0,042579075;-0,001920861;0,009736308;0,000865801;1,5341;-0,005485561;0,001165945;0,008622427;0,000586418;0,004205195;0,006402198
JXN;Jackson Financial;NA;NA;NA;19/09/2023;;-0,005070994;-0,00509684;-0,011014344;-0,001033859;-0,000784929;0,033154807;1,4836;-0,0020738;-0,009193377;-0,01652836;0,004205195;-0,000397679;0,010521437
GSHD;Goosehead Insurance;NA;NA;NA;05/09/2023;;-0,001857143;0,015457278;0,023678647;0,013337038;-0,003596127;-0,012880719;1,9281;-0,004321904;-0,006722465;-0,003070234;0,006576585;0,000586418;-0,000397679
STAA;Staar Surgical;NA;NA;NA;13/09/2023;;-0,021826281;-0,023907104;0,011429904;-0,015948584;-0,016524909;0,041718094;1,7595;0,001165945;0,008622427;-0,015520917;-0,0020738;-0,014691252;0,005204839
MRCY;Mercury Systems;NA;NA;NA;13/03/2023;;-0,035305918;0,035974215;-0,028502609;-0,029405587;0,02617801;0;0,7907;-0,001425203;0,016529998;-0,006254308;-0,015450254;0,006562047;0,001026418
MSGS;Madison Square Garden Sports;NA;NA;NA;15/03/2023;;-0,012844136;0,009881965;-0,002555042;0,003089543;0,011142647;0,022015984;0,5268;-0,006254308;0,017545212;-0,015450254;0,013130492;-0,002244697;-0,004075954
FTRE;Fortrea Holdings;NA;NA;NA;22/09/2023;;-0,005370569;0,028077754;-0,007352941;-0,021509047;0,009919177;-0,013874788;0,0824;-0,002248545;0,004205195;-0,014691252;0,005797442;-0,000376772;
PHIN;PHINIA;NA;NA;NA;15/09/2023;;0,046554252;-0,048336252;-0,029812293;-0,011367942;0,01926858;-0,012972973;0,1468;-0,015520917;0,000586418;-0,0020738;-0,01652836;0,005797442;-0,006096443
ABR;Arbor Realty Trust;NA;NA;NA;07/09/2023;;-0,002523659;0,006325111;0,005028284;-0,005717916;-0,018389347;-0,02166065;0,9767;-0,003070234;0,001506126;0,006576585;0,001165945;-0,009193377;0,007281956
DISH;Dish Network;NA;NA;NA;15/09/2023;;-0,041055718;-0,024464832;0,015673981;-0,009360374;0,033216783;0,01183432;1,6369;-0,015520917;0,000586418;-0,0020738;-0,01652836;0,005797442;-0,006096443
NAVI;Navient;NA;NA;NA;05/09/2023;;-0,022026432;-0,01463964;-0,025714286;0,014092777;-0,039709172;-0,009872242;1,1094;-0,004321904;-0,006722465;-0,003070234;0,006576585;0,000586418;-0,000397679
SITM;SiTime;NA;NA;NA;12/09/2023;;0,009693785;-0,007716465;0,030563342;-0,00624025;-0,012537425;-0,005907906;2,5186;-0,005485561;0,001165945;0,008622427;0,000586418;0,004205195;0,006402198
MAC;Macerich;NA;NA;NA;11/09/2023;;0,005106383;0,00592718;-0,014309764;0,006584362;-0,012216405;0,00190295;1,4493;0,006576585;-0,005485561;0,001165945;-0,015520917;-0,002248545;0,011872792
VSCO;Victoria's Secret;NA;NA;NA;11/07/2023;;0,024962556;-0,025328787;-0,04047976;-0,008799172;-0,01073071;-0,046545811;1,5686;0,006368558;0,008045925;0,007936864;0,003472222;0,004467248;0,008728542
DEI;Douglas Emmett;NA;NA;NA;11/09/2023;;-0,013828239;-0,009594096;-0,035767511;0,009723261;0,003977725;-0,022969647;1,0332;0,006576585;-0,005485561;0,001165945;-0,015520917;-0,002248545;0,011872792
VRRM;Verra Mobility;NA;NA;NA;20/09/2023;;-0,009989485;-0,001593202;-0,002659574;-0,017979905;-0,01005291;0,019548872;0,8797;-0,009193377;-0,01652836;-0,002248545;-0,014691252;-0,013386066;-4,58674E-05
OTTR;Otter Tail Corporation;NA;NA;NA;11/09/2023;;-0,004494976;0,009428951;-0,000920931;-0,004690554;-0,002721617;0,002293269;0,5919;0,006576585;-0,005485561;0,001165945;-0,015520917;-0,002248545;0,011872792
CRK;Comstock Resources;NA;NA;NA;08/09/2023;;0,018992568;-0,044570502;0,033927057;-0,006617039;-0,016901408;0,051356589;1,2441;0,001506126;0,006576585;-0,005485561;0,008622427;-0,01652836;-0,000376772
NOG;Northern Oil and Gas;NA;NA;NA;19/09/2023;;-0,013089652;-0,01976977;-0,011743681;0,020287622;-0,040019886;0,004687886;1,1276;-0,0020738;-0,009193377;-0,01652836;0,004205195;-0,000397679;0,010521437
DV;DoubleVerify;NA;NA;NA;20/09/2023;;-0,012609457;-0,026605179;0,00728863;-0,004718693;-0,017934003;0,018708083;1,4851;-0,009193377;-0,01652836;-0,002248545;-0,014691252;-0,013386066;-4,58674E-05
RXO;RXO;NA;NA;NA;18/09/2023;;0,018062397;-0,010215054;-0,000543183;0,010497238;-0,014977534;-0,029350105;1,0566;0,000586418;-0,0020738;-0,009193377;-0,002248545;-0,002426958;-0,004980861
MBC;MasterBrand;NA;NA;NA;18/09/2023;;0,023275145;0,003249391;-0,008906883;-0,02173913;0,009136213;-0,019163763;1,0788;0,000586418;-0,0020738;-0,009193377;-0,002248545;-0,002426958;-0,004980861
SMTC;Semtech;NA;NA;NA;25/07/2023;;0,013415518;0,004293381;-0,013893837;0,024921025;-0,001091703;0,025900445;1,4583;0,002730075;0,000153698;-0,006629931;0,001904053;0,008728542;0,0065063
CWK;Cushman & Wakefield;NA;NA;NA;08/09/2023;;0,019406393;-0,006718925;-0,016910936;0,011056511;-0,082089552;0,030927835;1,3066;0,001506126;0,006576585;-0,005485561;0,008622427;-0,01652836;-0,000376772
SJW;SJW Group;NA;NA;NA;11/09/2023;;0,006366385;0,003004903;0,015452539;-0,005671367;-0,008161306;0,010542169;0,4027;0,006576585;-0,005485561;0,001165945;-0,015520917;-0,002248545;0,011872792
AGTI;Agiliti;NA;NA;NA;19/09/2023;;-0,049071618;-0,022315202;-0,035663338;-0,013043478;-0,033898305;0,012939002;1,059;-0,0020738;-0,009193377;-0,01652836;0,004205195;-0,000397679;0,010521437
SABR;Sabre Corporation;NA;NA;NA;13/09/2023;;-0,035940803;0,043859649;-0,029411765;-0,013363029;-0,024553571;0,034031414;1,8957;0,001165945;0,008622427;-0,015520917;-0,0020738;-0,014691252;0,005204839
NUS;Nu Skin Enterprises;NA;NA;NA;12/09/2023;;-0,010860122;0,016688625;0,034557235;-0,014160766;-0,021907216;-0,005157298;0,9301;-0,005485561;0,001165945;0,008622427;0,000586418;0,004205195;0,006402198
BFH;Bread Financial;NA;NA;NA;08/09/2023;;-0,007728402;-0,000278164;-0,004730106;0,008299943;-0,010080645;-0,056158264;1,5575;0,001506126;0,006576585;-0,005485561;0,008622427;-0,01652836;-0,000376772
HAIN;Hain Celestial Group;NA;NA;NA;20/03/2023;;0,002985075;-0,020238095;-0,018833536;0,028002489;0,032510536;-0,010433828;0,9403;0,009615631;0,013130492;-0,017046452;0,006562047;0,014094625;0,003588227
MCW;Mister Car Wash;NA;NA;NA;14/09/2023;;0,014876033;-0,009771987;-0,008223684;-0,021922428;-0,005524862;-0,031304348;1,207;0,008622427;-0,015520917;0,000586418;-0,009193377;0,000399173;0,004096286
XPER;Xperi, Inc.;NA;NA;NA;22/09/2023;;-0,004985045;-0,003006012;-0,045226131;-0,008324662;-0,020386266;-0,019296254;0,8226;-0,002248545;0,004205195;-0,014691252;0,005797442;-0,000376772;
STEL;Stellar Bancorp;NA;NA;NA;07/09/2023;;0,009302326;0,007834101;-0,014631916;0,000931966;-0,016525024;0,026066351;0,6187;-0,003070234;0,001506126;0,006576585;0,001165945;-0,009193377;0,007281956
LESL;Leslie's;NA;NA;NA;22/09/2023;;0,026584867;0,043824701;-0,017175573;0,043726236;0,01369863;-0,009057971;1,2787;-0,002248545;0,004205195;-0,014691252;0,005797442;-0,000376772;
HPP;Hudson Pacific Properties;NA;NA;NA;12/09/2023;;-0,026462396;-0,020028612;0,02189781;-0,042857143;0,010703364;0,015332198;1,2074;-0,005485561;0,001165945;0,008622427;0,000586418;0,004205195;0,006402198
MCY;Mercury General;NA;NA;NA;11/09/2023;;0,019223923;0,02025847;-0,001369394;-0,01260218;0,00855615;0,008167614;0,4564;0,006576585;-0,005485561;0,001165945;-0,015520917;-0,002248545;0,011872792
AEO;American Eagle Outfitters;NA;NA;NA;19/07/2023;;0,029571984;-0,002267574;-0,023484848;-0,011252813;0,042704626;0,002512563;1,3662;0,002223739;-0,006634446;0;0,002730075;-0,002861574;-0,011648925
MTX;Minerals Technology;NA;NA;NA;07/09/2023;;-0,020251397;-0,027797577;0,020010089;0,010305484;0,627667269;0,030565963;0,983;-0,003070234;0,001506126;0,006576585;0,001165945;-0,009193377;0,007281956
OUT;Outfront Media;NA;NA;NA;13/09/2023;;-0,02340824;0,043144775;-0,006227758;0,015311005;0,122211445;0,031358885;1,3382;0,001165945;0,008622427;-0,015520917;-0,0020738;-0,014691252;0,005204839
CPRX;Catalyst Pharmaceuticals;NA;NA;NA;19/09/2023;;0,007131537;-0,041699449;-0,003462604;0,002479339;-3,783575706;0,036776213;1,057;-0,0020738;-0,009193377;-0,01652836;0,004205195;-0,000397679;0,010521437
CLFD;Clearfield;NA;NA;NA;14/06/2023;;-0,040636783;0,020524017;0,077747989;-0,035052377;0,620382442;-0,001071123;1,6799;0,001190858;0,012397639;-0,007094442;-0,005123748;0,00050439;0,007936864
AHCO;AdaptHealth;NA;NA;NA;18/09/2023;;-0,020533881;0,002096436;-0,053402239;-0,006928406;-0,17081448;-0,009320905;1,0919;0,000586418;-0,0020738;-0,009193377;-0,002248545;-0,002426958;-0,004980861
SIX;Six Flags;NA;NA;NA;13/09/2023;;-0,028951487;0,015310234;-0,018477783;-0,019689987;-0,702109705;0,006628369;1,5001;0,001165945;0,008622427;-0,015520917;-0,0020738;-0,014691252;0,005204839
SHO;Sunstone Hotel Investors;NA;NA;NA;18/09/2023;;-0,004291845;-0,004310345;-0,01594533;-0,007760532;0,984210526;-0,013727561;1,1578;0,000586418;-0,0020738;-0,009193377;-0,002248545;-0,002426958;-0,004980861
GRBK;Green Brick Partners;NA;NA;NA;11/09/2023;;-0,001534751;-0,015151515;-0,01539924;-0,041480821;0,997600768;0,006686478;1,4807;0,006576585;-0,005485561;0,001165945;-0,015520917;-0,002248545;0,011872792
FTDR;Frontdoor, Inc.;NA;NA;NA;12/09/2023;;-0,001555694;-0,011530072;-0,002893519;-0,000960615;0,984615385;0,000980072;0,8198;-0,005485561;0,001165945;0,008622427;0,000586418;0,004205195;0,006402198
